-- phpMyAdmin SQL Dump
-- version phpStudy 2014
-- http://www.phpmyadmin.net
--
-- 主机: localhost
-- 生成日期: 
-- 服务器版本: 5.5.53
-- PHP 版本: 7.0.12

SET SQL_MODE="NO_AUTO_VALUE_ON_ZERO";
SET time_zone = "+00:00";


/*!40101 SET @OLD_CHARACTER_SET_CLIENT=@@CHARACTER_SET_CLIENT */;
/*!40101 SET @OLD_CHARACTER_SET_RESULTS=@@CHARACTER_SET_RESULTS */;
/*!40101 SET @OLD_COLLATION_CONNECTION=@@COLLATION_CONNECTION */;
/*!40101 SET NAMES utf8 */;

--
-- 数据库: `singin`
--

-- --------------------------------------------------------

--
-- 表的结构 `tp_classes`
--

CREATE TABLE IF NOT EXISTS `tp_classes` (
  `cid` int(11) NOT NULL AUTO_INCREMENT,
  `cname` varchar(25) DEFAULT NULL,
  PRIMARY KEY (`cid`)
) ENGINE=MyISAM  DEFAULT CHARSET=utf8 AUTO_INCREMENT=19 ;

--
-- 转存表中的数据 `tp_classes`
--

INSERT INTO `tp_classes` (`cid`, `cname`) VALUES
(2, '16软件工程特色班'),
(3, '16电子商务特色班'),
(4, '17开发1班'),
(5, '17开发2班'),
(6, '17软工1班'),
(7, '17软工2班'),
(8, '17电子商务特色班'),
(9, '18电子商务特色班');

-- --------------------------------------------------------

--
-- 表的结构 `tp_coursetable`
--

CREATE TABLE IF NOT EXISTS `tp_coursetable` (
  `couid` int(11) NOT NULL AUTO_INCREMENT COMMENT '课程表id',
  `classroom` int(11) NOT NULL COMMENT '教室',
  `week` varchar(50) NOT NULL COMMENT '星期',
  `starttime` int(11) NOT NULL COMMENT '开始时间',
  `endtime` int(11) NOT NULL COMMENT '结束时间',
  `cla_id` int(11) NOT NULL COMMENT '班级ID',
  `sub_id` int(11) NOT NULL COMMENT '课表id',
  `tea_id` int(11) NOT NULL COMMENT '当前教师id',
  PRIMARY KEY (`couid`)
) ENGINE=MyISAM  DEFAULT CHARSET=utf8 COMMENT='课程表' AUTO_INCREMENT=17 ;

--
-- 转存表中的数据 `tp_coursetable`
--

INSERT INTO `tp_coursetable` (`couid`, `classroom`, `week`, `starttime`, `endtime`, `cla_id`, `sub_id`, `tea_id`) VALUES
(1, 203, 'Mon', 1, 2, 9, 4, 29),
(2, 204, 'Tues', 3, 4, 7, 4, 29),
(3, 104, 'Tues', 6, 7, 9, 3, 29),
(4, 203, 'Wed', 1, 4, 3, 4, 29),
(5, 206, 'Mon', 6, 7, 2, 3, 29),
(6, 107, 'Wed', 6, 9, 2, 4, 29),
(7, 105, 'Thur', 1, 2, 9, 3, 29),
(8, 105, 'Thur', 3, 4, 8, 3, 29),
(9, 206, 'Thur', 6, 9, 6, 4, 29),
(10, 105, 'Fri', 1, 5, 9, 3, 29),
(13, 111, 'Tues', 1, 2, 4, 3, 30),
(15, 201, 'Mon', 3, 4, 8, 1, 30);

-- --------------------------------------------------------

--
-- 表的结构 `tp_manager`
--

CREATE TABLE IF NOT EXISTS `tp_manager` (
  `id` int(10) NOT NULL AUTO_INCREMENT,
  `username` varchar(20) NOT NULL,
  `password` varchar(50) NOT NULL,
  `isadmin` int(1) NOT NULL DEFAULT '0' COMMENT '是否为管理员：1是、0否',
  PRIMARY KEY (`id`)
) ENGINE=MyISAM  DEFAULT CHARSET=ucs2 COMMENT='管理员' AUTO_INCREMENT=32 ;

--
-- 转存表中的数据 `tp_manager`
--

INSERT INTO `tp_manager` (`id`, `username`, `password`, `isadmin`) VALUES
(30, 'zhangyanfang', '59a5b4cf5b20433accdb5d246fdb7b32', 0),
(29, 'chende', '2f94c37f8ea1d4712302f46433da8df1', 0),
(28, 'admin', 'e10adc3949ba59abbe56e057f20f883e', 1),
(31, 'ceshi', 'cc17c30cd111c7215fc8f51f8790e0e1', 1);

-- --------------------------------------------------------

--
-- 表的结构 `tp_statistics`
--

CREATE TABLE IF NOT EXISTS `tp_statistics` (
  `id` int(11) NOT NULL AUTO_INCREMENT,
  `classroom` varchar(11) NOT NULL COMMENT '教室',
  `week` varchar(11) NOT NULL COMMENT '星期',
  `starttime` varchar(11) NOT NULL COMMENT '开始时间',
  `endtime` varchar(11) NOT NULL COMMENT '结束时间',
  `cname` varchar(50) NOT NULL COMMENT '班级',
  `subname` varchar(50) NOT NULL COMMENT '课程名称',
  `cid` int(10) NOT NULL COMMENT '班级id',
  `scode` varchar(20) NOT NULL COMMENT '学号',
  `sname` varchar(20) NOT NULL COMMENT '学生姓名',
  `creattime` date NOT NULL COMMENT '签到插入时间',
  `status` int(10) NOT NULL DEFAULT '0' COMMENT '状态：0为未签订、1为已签到、2为迟到、3为旷课、4为请假',
  `tea_id` int(10) NOT NULL COMMENT '所属老师',
  PRIMARY KEY (`id`)
) ENGINE=MyISAM  DEFAULT CHARSET=utf8 COMMENT='信息统计' AUTO_INCREMENT=278 ;

--
-- 转存表中的数据 `tp_statistics`
--

INSERT INTO `tp_statistics` (`id`, `classroom`, `week`, `starttime`, `endtime`, `cname`, `subname`, `cid`, `scode`, `sname`, `creattime`, `status`, `tea_id`) VALUES
(77, '105', 'Thur', '1', '2', '18电子商务特色班', 'html5与css3', 9, '18630801083', '雷文强', '2019-04-10', 1, 29),
(76, '105', 'Thur', '1', '2', '18电子商务特色班', 'html5与css3', 9, '18630801084', '刘永桥', '2019-04-10', 2, 29),
(75, '105', 'Thur', '1', '2', '18电子商务特色班', 'html5与css3', 9, '18630801067', '郭家宝', '2019-04-11', 3, 29),
(74, '105', 'Thur', '1', '2', '18电子商务特色班', 'html5与css3', 9, '18630801058', '卜庆浩', '2019-04-11', 4, 29),
(73, '105', 'Thur', '1', '2', '18电子商务特色班', 'html5与css3', 9, '18630801030', '郭东宇', '2019-04-11', 4, 29),
(72, '105', 'Thur', '1', '2', '18电子商务特色班', 'html5与css3', 9, '18630801016', '段钰琪', '2019-04-11', 1, 29),
(71, '105', 'Thur', '1', '2', '18电子商务特色班', 'html5与css3', 9, '18630801021', '薛斯文', '2019-04-11', 1, 29),
(70, '105', 'Thur', '1', '2', '18电子商务特色班', 'html5与css3', 9, '18630801045', '王永燕', '2019-04-11', 1, 29),
(69, '105', 'Thur', '1', '2', '18电子商务特色班', 'html5与css3', 9, '18630801053', '杨云明', '2019-04-11', 1, 29),
(68, '105', 'Thur', '1', '2', '18电子商务特色班', 'html5与css3', 9, '18630801060', '王世康', '2019-04-11', 1, 29),
(67, '105', 'Thur', '1', '2', '18电子商务特色班', 'html5与css3', 9, '18630801027', '王雪梅', '2019-04-11', 1, 29),
(66, '105', 'Thur', '1', '2', '18电子商务特色班', 'html5与css3', 9, '18630801040', '董志辉', '2019-04-11', 1, 29),
(65, '105', 'Thur', '1', '2', '18电子商务特色班', 'html5与css3', 9, '18630801046', '范冰冰', '2019-04-11', 1, 29),
(64, '105', 'Thur', '1', '2', '18电子商务特色班', 'html5与css3', 9, '18630801034', '陈晨', '2019-04-11', 1, 29),
(63, '105', 'Thur', '1', '2', '18电子商务特色班', 'html5与css3', 9, '18630801044', '崔随凤', '2019-04-11', 1, 29),
(62, '105', 'Thur', '1', '2', '18电子商务特色班', 'html5与css3', 9, '18630801018', '郭佳月', '2019-04-11', 1, 29),
(61, '105', 'Thur', '1', '2', '18电子商务特色班', 'html5与css3', 9, '18630801014', '高瑞星', '2019-04-11', 2, 29),
(60, '105', 'Thur', '1', '2', '18电子商务特色班', 'html5与css3', 9, '18630801006', '彭昊东', '2019-04-11', 2, 29),
(59, '105', 'Thur', '1', '2', '18电子商务特色班', 'html5与css3', 9, '18630801005', '安连萃', '2019-04-11', 1, 29),
(58, '105', 'Thur', '1', '2', '18电子商务特色班', 'html5与css3', 9, '18630801002', '冉雄飞', '2019-04-11', 1, 29),
(78, '105', 'Thur', '1', '2', '18电子商务特色班', 'html5与css3', 9, '18630801050', '潘浩哲', '2019-04-11', 1, 29),
(79, '105', 'Thur', '1', '2', '18电子商务特色班', 'html5与css3', 9, '18630801013', '李月', '2019-04-11', 1, 29),
(80, '105', 'Thur', '1', '2', '18电子商务特色班', 'html5与css3', 9, '18630801075', '王永乐', '2019-04-11', 1, 29),
(81, '105', 'Thur', '1', '2', '18电子商务特色班', 'html5与css3', 9, '18630801091', '陈纪辉', '2019-04-11', 1, 29),
(82, '105', 'Thur', '1', '2', '18电子商务特色班', 'html5与css3', 9, '18630801153', '张珊珊', '2019-04-11', 1, 29),
(83, '105', 'Thur', '1', '2', '18电子商务特色班', 'html5与css3', 9, '18630801147', '马鹏勃', '2019-04-11', 1, 29),
(84, '105', 'Thur', '1', '2', '18电子商务特色班', 'html5与css3', 9, '18630801145', '马梓硕', '2019-04-11', 1, 29),
(85, '105', 'Thur', '1', '2', '18电子商务特色班', 'html5与css3', 9, '18630801139', '张皓璇', '2019-04-11', 1, 29),
(86, '105', 'Thur', '1', '2', '18电子商务特色班', 'html5与css3', 9, '18630801130', '董胜', '2019-04-11', 1, 29),
(87, '105', 'Thur', '1', '2', '18电子商务特色班', 'html5与css3', 9, '18630801121', '郝佳宇', '2019-04-11', 1, 29),
(88, '105', 'Thur', '1', '2', '18电子商务特色班', 'html5与css3', 9, '18630801103', '刘依婷', '2019-04-11', 1, 29),
(89, '105', 'Thur', '1', '2', '18电子商务特色班', 'html5与css3', 9, '18630801066', '张灿', '2019-04-11', 1, 29),
(90, '105', 'Thur', '1', '2', '18电子商务特色班', 'html5与css3', 9, '18630801136', '刘建瑞', '2019-04-11', 2, 29),
(91, '105', 'Thur', '1', '2', '18电子商务特色班', 'html5与css3', 9, '18630801128', '王晓龙', '2019-04-11', 4, 29),
(92, '105', 'Thur', '1', '2', '18电子商务特色班', 'html5与css3', 9, '18630801093', '胡世杰', '2019-04-11', 4, 29),
(93, '105', 'Thur', '1', '2', '18电子商务特色班', 'html5与css3', 9, '18630801020', '任丽颖', '2019-04-11', 3, 29),
(94, '105', 'Thur', '1', '2', '18电子商务特色班', 'html5与css3', 9, '18630801154', '李宗康', '2019-04-11', 1, 29),
(95, '105', 'Thur', '1', '2', '18电子商务特色班', 'html5与css3', 9, '18630801120', '白佳文', '2019-04-11', 1, 29),
(96, '105', 'Thur', '1', '2', '18电子商务特色班', 'html5与css3', 9, '18630801150', '冀清璐', '2019-04-11', 1, 29),
(97, '105', 'Thur', '1', '2', '18电子商务特色班', 'html5与css3', 9, '18630801086', '武倩茹', '2019-04-11', 1, 29),
(98, '105', 'Thur', '1', '2', '18电子商务特色班', 'html5与css3', 9, '18630801122', '王旭', '2019-04-11', 1, 29),
(99, '105', 'Thur', '3', '4', '18电子商务特色班', 'html5与css3', 9, '18630801002', '冉雄飞', '2019-04-11', 1, 29),
(100, '105', 'Thur', '3', '4', '18电子商务特色班', 'html5与css3', 9, '18630801005', '安连萃', '2019-04-11', 1, 29),
(101, '105', 'Thur', '3', '4', '18电子商务特色班', 'html5与css3', 9, '18630801013', '李月', '2019-04-11', 1, 29),
(102, '105', 'Thur', '3', '4', '18电子商务特色班', 'html5与css3', 9, '18630801014', '高瑞星', '2019-04-11', 1, 29),
(103, '105', 'Thur', '3', '4', '18电子商务特色班', 'html5与css3', 9, '18630801020', '任丽颖', '2019-04-11', 1, 29),
(104, '105', 'Thur', '3', '4', '18电子商务特色班', 'html5与css3', 9, '18630801050', '潘浩哲', '2019-04-11', 1, 29),
(105, '105', 'Thur', '3', '4', '18电子商务特色班', 'html5与css3', 9, '18630801046', '范冰冰', '2019-04-11', 1, 29),
(106, '105', 'Thur', '3', '4', '18电子商务特色班', 'html5与css3', 9, '18630801045', '王永燕', '2019-04-11', 1, 29),
(107, '105', 'Thur', '3', '4', '18电子商务特色班', 'html5与css3', 9, '18630801044', '崔随凤', '2019-04-11', 1, 29),
(108, '105', 'Thur', '3', '4', '18电子商务特色班', 'html5与css3', 9, '18630801040', '董志辉', '2019-04-11', 1, 29),
(109, '105', 'Thur', '3', '4', '18电子商务特色班', 'html5与css3', 9, '18630801034', '陈晨', '2019-04-11', 1, 29),
(110, '105', 'Thur', '3', '4', '18电子商务特色班', 'html5与css3', 9, '18630801030', '郭东宇', '2019-04-11', 1, 29),
(111, '105', 'Thur', '3', '4', '18电子商务特色班', 'html5与css3', 9, '18630801027', '王雪梅', '2019-04-11', 1, 29),
(112, '105', 'Thur', '3', '4', '18电子商务特色班', 'html5与css3', 9, '18630801021', '薛斯文', '2019-04-11', 1, 29),
(113, '105', 'Thur', '3', '4', '18电子商务特色班', 'html5与css3', 9, '18630801150', '冀清璐', '2019-04-11', 2, 29),
(114, '105', 'Thur', '3', '4', '18电子商务特色班', 'html5与css3', 9, '18630801153', '张珊珊', '2019-04-11', 2, 29),
(115, '105', 'Thur', '3', '4', '18电子商务特色班', 'html5与css3', 9, '18630801154', '李宗康', '2019-04-11', 2, 29),
(116, '105', 'Thur', '3', '4', '18电子商务特色班', 'html5与css3', 9, '18630801147', '马鹏勃', '2019-04-11', 4, 29),
(117, '105', 'Thur', '3', '4', '18电子商务特色班', 'html5与css3', 9, '18630801139', '张皓璇', '2019-04-11', 3, 29),
(118, '105', 'Thur', '3', '4', '18电子商务特色班', 'html5与css3', 9, '18630801128', '王晓龙', '2019-04-11', 3, 29),
(119, '105', 'Thur', '3', '4', '18电子商务特色班', 'html5与css3', 9, '18630801093', '胡世杰', '2019-04-11', 3, 29),
(120, '105', 'Thur', '3', '4', '18电子商务特色班', 'html5与css3', 9, '18630801120', '白佳文', '2019-04-11', 1, 29),
(121, '105', 'Thur', '3', '4', '18电子商务特色班', 'html5与css3', 9, '18630801130', '董胜', '2019-04-11', 1, 29),
(122, '105', 'Thur', '3', '4', '18电子商务特色班', 'html5与css3', 9, '18630801136', '刘建瑞', '2019-04-11', 1, 29),
(123, '105', 'Thur', '3', '4', '18电子商务特色班', 'html5与css3', 9, '18630801122', '王旭', '2019-04-11', 2, 29),
(124, '105', 'Thur', '3', '4', '18电子商务特色班', 'html5与css3', 9, '18630801084', '刘永桥', '2019-04-11', 3, 29),
(125, '105', 'Thur', '3', '4', '18电子商务特色班', 'html5与css3', 9, '18630801083', '雷文强', '2019-04-11', 1, 29),
(126, '105', 'Thur', '3', '4', '18电子商务特色班', 'html5与css3', 9, '18630801091', '陈纪辉', '2019-04-11', 1, 29),
(127, '105', 'Thur', '3', '4', '18电子商务特色班', 'html5与css3', 9, '18630801086', '武倩茹', '2019-04-11', 1, 29),
(128, '105', 'Thur', '3', '4', '18电子商务特色班', 'html5与css3', 9, '18630801075', '王永乐', '2019-04-11', 1, 29),
(129, '105', 'Thur', '3', '4', '18电子商务特色班', 'html5与css3', 9, '18630801067', '郭家宝', '2019-04-11', 1, 29),
(130, '105', 'Thur', '3', '4', '18电子商务特色班', 'html5与css3', 9, '18630801121', '郝佳宇', '2019-04-11', 1, 29),
(131, '105', 'Thur', '3', '4', '18电子商务特色班', 'html5与css3', 9, '18630801103', '刘依婷', '2019-04-11', 1, 29),
(132, '105', 'Thur', '3', '4', '18电子商务特色班', 'html5与css3', 9, '18630801066', '张灿', '2019-04-11', 1, 29),
(133, '105', 'Thur', '3', '4', '18电子商务特色班', 'html5与css3', 9, '18630801060', '王世康', '2019-04-11', 1, 29),
(134, '105', 'Thur', '3', '4', '18电子商务特色班', 'html5与css3', 9, '18630801058', '卜庆浩', '2019-04-11', 1, 29),
(135, '105', 'Thur', '3', '4', '18电子商务特色班', 'html5与css3', 9, '18630801053', '杨云明', '2019-04-11', 1, 29),
(136, '105', 'Thur', '3', '4', '18电子商务特色班', 'html5与css3', 9, '18630801018', '郭佳月', '2019-04-11', 1, 29),
(137, '105', 'Thur', '3', '4', '18电子商务特色班', 'html5与css3', 9, '18630801145', '马梓硕', '2019-04-11', 1, 29),
(138, '105', 'Thur', '3', '4', '18电子商务特色班', 'html5与css3', 9, '18630801016', '段钰琪', '2019-04-11', 1, 29),
(139, '105', 'Thur', '3', '4', '18电子商务特色班', 'html5与css3', 9, '18630801006', '彭昊东', '2019-04-11', 1, 29),
(140, '206', 'Thur', '6', '9', '17软工1班', '前端开发高级技术', 6, '17080902160', '王斌', '2019-04-11', 1, 29),
(141, '206', 'Thur', '6', '9', '17软工1班', '前端开发高级技术', 6, '17080902152', '刘蕾', '2019-04-11', 1, 29),
(142, '206', 'Thur', '6', '9', '17软工1班', '前端开发高级技术', 6, '17080902149', '侯佳俊', '2019-04-11', 2, 29),
(143, '206', 'Thur', '6', '9', '17软工1班', '前端开发高级技术', 6, '17080902140', '黄雅金', '2019-04-11', 4, 29),
(144, '206', 'Thur', '6', '9', '17软工1班', '前端开发高级技术', 6, '17080902132', '孙建果', '2019-04-11', 4, 29),
(145, '206', 'Thur', '6', '9', '17软工1班', '前端开发高级技术', 6, '17080902129', '杨松林', '2019-04-11', 4, 29),
(146, '206', 'Thur', '6', '9', '17软工1班', '前端开发高级技术', 6, '17080902127', '刘苗', '2019-04-11', 3, 29),
(147, '206', 'Thur', '6', '9', '17软工1班', '前端开发高级技术', 6, '17080902124', '黄伟', '2019-04-11', 3, 29),
(148, '206', 'Thur', '6', '9', '17软工1班', '前端开发高级技术', 6, '17080902176', '朱城', '2019-04-11', 1, 29),
(149, '206', 'Thur', '6', '9', '17软工1班', '前端开发高级技术', 6, '17080902176', '朱城', '2019-04-11', 1, 29),
(150, '206', 'Thur', '6', '9', '17软工1班', '前端开发高级技术', 6, '17080902116', '侯朋成', '2019-04-11', 1, 29),
(151, '206', 'Thur', '6', '9', '17软工1班', '前端开发高级技术', 6, '17080902110', '王永佶', '2019-04-11', 1, 29),
(152, '206', 'Thur', '6', '9', '17软工1班', '前端开发高级技术', 6, '17080902089', '刘世卓', '2019-04-11', 1, 29),
(153, '206', 'Thur', '6', '9', '17软工1班', '前端开发高级技术', 6, '17080902087', '刘高尚', '2019-04-11', 1, 29),
(154, '206', 'Thur', '6', '9', '17软工1班', '前端开发高级技术', 6, '17080902123', '高健', '2019-04-11', 2, 29),
(155, '206', 'Thur', '6', '9', '17软工1班', '前端开发高级技术', 6, '17080902082', '郝建宇', '2019-04-11', 4, 29),
(156, '206', 'Thur', '6', '9', '17软工1班', '前端开发高级技术', 6, '17080902076', '陈帅虎', '2019-04-11', 3, 29),
(157, '206', 'Thur', '6', '9', '17软工1班', '前端开发高级技术', 6, '17080902177', '马思翔', '2019-04-11', 1, 29),
(158, '206', 'Thur', '6', '9', '17软工1班', '前端开发高级技术', 6, '17080902070', '李耀辉', '2019-04-11', 1, 29),
(159, '206', 'Thur', '6', '9', '17软工1班', '前端开发高级技术', 6, '17080902064', '郭朕嘉', '2019-04-11', 1, 29),
(160, '206', 'Thur', '6', '9', '17软工1班', '前端开发高级技术', 6, '17080902060', '曹佳旭', '2019-04-11', 1, 29),
(161, '206', 'Thur', '6', '9', '17软工1班', '前端开发高级技术', 6, '17080902049', '张圣琦', '2019-04-11', 1, 29),
(162, '206', 'Thur', '6', '9', '17软工1班', '前端开发高级技术', 6, '17080902048', '刘怡彤', '2019-04-11', 1, 29),
(163, '206', 'Thur', '6', '9', '17软工1班', '前端开发高级技术', 6, '17080902032', '纪岩翔', '2019-04-11', 1, 29),
(164, '206', 'Thur', '6', '9', '17软工1班', '前端开发高级技术', 6, '17080902179', '于建鸣', '2019-04-11', 1, 29),
(165, '206', 'Thur', '6', '9', '17软工1班', '前端开发高级技术', 6, '17080902178', '井雪松', '2019-04-11', 1, 29),
(166, '206', 'Thur', '6', '9', '17软工1班', '前端开发高级技术', 6, '17080902027', '高珂铭', '2019-04-11', 1, 29),
(167, '206', 'Thur', '6', '9', '17软工1班', '前端开发高级技术', 6, '17080902026', '范齐', '2019-04-11', 1, 29),
(168, '206', 'Thur', '6', '9', '17软工1班', '前端开发高级技术', 6, '17080902025', '张钧清', '2019-04-11', 2, 29),
(169, '206', 'Thur', '6', '9', '17软工1班', '前端开发高级技术', 6, '17080902024', '秦维昌', '2019-04-11', 3, 29),
(170, '206', 'Thur', '6', '9', '17软工1班', '前端开发高级技术', 6, '17080902181', '石宇', '2019-04-11', 4, 29),
(171, '206', 'Thur', '6', '9', '17软工1班', '前端开发高级技术', 6, '17080902189', '户鈺婷', '2019-04-11', 1, 29),
(172, '206', 'Thur', '6', '9', '17软工1班', '前端开发高级技术', 6, '17080902017', '王士贺', '2019-04-11', 1, 29),
(173, '206', 'Thur', '6', '9', '17软工1班', '前端开发高级技术', 6, '17080902015', '尹泽鹏', '2019-04-11', 1, 29),
(174, '206', 'Thur', '6', '9', '17软工1班', '前端开发高级技术', 6, '16080902033', '韩泽昆', '2019-04-11', 1, 29),
(175, '206', 'Thur', '6', '9', '17软工1班', '前端开发高级技术', 6, '17080902203', '杨卓然', '2019-04-11', 1, 29),
(176, '206', 'Thur', '6', '9', '17软工1班', '前端开发高级技术', 6, '17080902205', '穆云祥', '2019-04-11', 1, 29),
(177, '105', 'Thur', '3', '4', '17电子商务特色班', 'html5与css3', 8, '17120801004 ', '刘子培', '2019-04-11', 1, 0),
(178, '203', 'Wed', '1', '4', '16电子商务特色班', '前端开发高级技术', 3, '16120801001', '刘星琳', '2019-04-17', 1, 29),
(179, '203', 'Wed', '1', '4', '16电子商务特色班', '前端开发高级技术', 3, '16120801006', '解丽欣', '2019-04-17', 1, 29),
(180, '203', 'Wed', '1', '4', '16电子商务特色班', '前端开发高级技术', 3, '16120801009', '杨雪娴', '2019-04-17', 4, 29),
(181, '203', 'Wed', '1', '4', '16电子商务特色班', '前端开发高级技术', 3, '16120801003', '张新宇', '2019-04-17', 1, 29),
(182, '203', 'Wed', '1', '4', '16电子商务特色班', '前端开发高级技术', 3, '16120801007', '董纬亚', '2019-04-17', 4, 29),
(183, '203', 'Wed', '1', '4', '16电子商务特色班', '前端开发高级技术', 3, '16120801010', '张梦昭', '2019-04-17', 3, 29),
(184, '203', 'Wed', '1', '4', '16电子商务特色班', '前端开发高级技术', 3, '16120801011', '张雪', '2019-04-17', 1, 29),
(185, '203', 'Wed', '1', '4', '16电子商务特色班', '前端开发高级技术', 3, '16120801012', '王子婷', '2019-04-17', 2, 29),
(186, '203', 'Wed', '1', '4', '16电子商务特色班', '前端开发高级技术', 3, '16120801018', '果凡勇', '2019-04-17', 1, 29),
(187, '203', 'Wed', '1', '4', '16电子商务特色班', '前端开发高级技术', 3, '16120801019', '王江侠', '2019-04-17', 4, 29),
(188, '203', 'Wed', '1', '4', '16电子商务特色班', '前端开发高级技术', 3, '16120801020', '张可欣', '2019-04-17', 3, 29),
(189, '203', 'Wed', '1', '4', '16电子商务特色班', '前端开发高级技术', 3, '16120801025', '李明慧', '2019-04-17', 1, 29),
(190, '203', 'Wed', '1', '4', '16电子商务特色班', '前端开发高级技术', 3, '16120801025', '李明慧', '2019-04-17', 1, 29),
(191, '203', 'Wed', '1', '4', '16电子商务特色班', '前端开发高级技术', 3, '16120801021', '李娜娜', '2019-04-17', 2, 29),
(192, '203', 'Wed', '1', '4', '16电子商务特色班', '前端开发高级技术', 3, '16120801008', '孟婷婷', '2019-04-17', 3, 29),
(193, '203', 'Wed', '1', '4', '16电子商务特色班', '前端开发高级技术', 3, '16120801032', '邓浩文', '2019-04-17', 1, 29),
(194, '203', 'Wed', '1', '4', '16电子商务特色班', '前端开发高级技术', 3, '16120801026', '岳嘉男', '2019-04-17', 1, 29),
(195, '203', 'Wed', '1', '4', '16电子商务特色班', '前端开发高级技术', 3, '16120801067', '高毓莲', '2019-04-17', 1, 29),
(196, '203', 'Wed', '1', '4', '16电子商务特色班', '前端开发高级技术', 3, '16120801064', '李佳朋', '2019-04-17', 1, 29),
(197, '203', 'Wed', '1', '4', '16电子商务特色班', '前端开发高级技术', 3, '16120801065', '马德路', '2019-04-17', 1, 29),
(198, '203', 'Wed', '1', '4', '16电子商务特色班', '前端开发高级技术', 3, '16120801060', '王佳兴', '2019-04-17', 1, 29),
(199, '203', 'Wed', '1', '4', '16电子商务特色班', '前端开发高级技术', 3, '16120801050', '刘一帆', '2019-04-17', 1, 29),
(200, '203', 'Wed', '1', '4', '16电子商务特色班', '前端开发高级技术', 3, '16120801046', '赵天琪', '2019-04-17', 3, 29),
(201, '203', 'Wed', '1', '4', '16电子商务特色班', '前端开发高级技术', 3, '16120801054', '任岭鑫', '2019-04-17', 2, 29),
(202, '203', 'Wed', '1', '4', '16电子商务特色班', '前端开发高级技术', 3, '16120801042', '王汉彬', '2019-04-17', 4, 29),
(203, '203', 'Wed', '1', '4', '16电子商务特色班', '前端开发高级技术', 3, '16120801056', '武国和', '2019-04-17', 4, 29),
(204, '203', 'Wed', '1', '4', '16电子商务特色班', '前端开发高级技术', 3, '16120801034', '赵茜', '2019-04-17', 3, 29),
(205, '203', 'Wed', '1', '4', '16电子商务特色班', '前端开发高级技术', 3, '16120801061', '高照', '2019-04-17', 1, 29),
(206, '203', 'Wed', '1', '4', '16电子商务特色班', '前端开发高级技术', 3, '16120801068', '葛云龙', '2019-04-17', 1, 29),
(207, '203', 'Wed', '1', '4', '16电子商务特色班', '前端开发高级技术', 3, '16120801052', '何孙旺', '2019-04-17', 1, 29),
(208, '203', 'Wed', '1', '4', '16电子商务特色班', '前端开发高级技术', 3, '16120801033', '刘雨心', '2019-04-17', 1, 29),
(209, '203', 'Wed', '1', '4', '16电子商务特色班', '前端开发高级技术', 3, '16120801096', '赵江', '2019-04-17', 1, 29),
(210, '203', 'Wed', '1', '4', '16电子商务特色班', '前端开发高级技术', 3, '16120801096', '赵江', '2019-04-17', 1, 29),
(211, '203', 'Wed', '1', '4', '16电子商务特色班', '前端开发高级技术', 3, '16120801081', '毛博宇', '2019-04-17', 1, 29),
(212, '203', 'Wed', '1', '4', '16电子商务特色班', '前端开发高级技术', 3, '16120801095', '伊丽娜', '2019-04-17', 1, 29),
(213, '203', 'Wed', '1', '4', '16电子商务特色班', '前端开发高级技术', 3, '16120801094', '陈辰', '2019-04-17', 4, 29),
(214, '203', 'Wed', '1', '4', '16电子商务特色班', '前端开发高级技术', 3, '16120801080', '张玉虎', '2019-04-17', 1, 29),
(215, '203', 'Wed', '1', '4', '16电子商务特色班', '前端开发高级技术', 3, '16120801103', '王晓玉', '2019-04-17', 1, 29),
(216, '203', 'Wed', '1', '4', '16电子商务特色班', '前端开发高级技术', 3, '16120801109', '孟金秋', '2019-04-17', 1, 29),
(217, '203', 'Wed', '1', '4', '16电子商务特色班', '前端开发高级技术', 3, '16120801091', '肖楠楠', '2019-04-17', 1, 29),
(218, '203', 'Wed', '1', '4', '16电子商务特色班', '前端开发高级技术', 3, '16120801078', '杨振省', '2019-04-17', 1, 29),
(219, '203', 'Wed', '1', '4', '16电子商务特色班', '前端开发高级技术', 3, '16120801073', '暴紫微', '2019-04-17', 1, 29),
(220, '203', 'Wed', '1', '4', '16电子商务特色班', '前端开发高级技术', 3, '16120801063', '燕梦涵', '2019-04-17', 1, 29),
(221, '203', 'Wed', '1', '4', '16电子商务特色班', '前端开发高级技术', 3, '16120801070', '闫美名', '2019-04-17', 1, 29),
(222, '203', 'Wed', '1', '4', '16电子商务特色班', '前端开发高级技术', 3, '16120801070', '闫美名', '2019-04-17', 1, 29),
(223, '203', 'Wed', '1', '4', '16电子商务特色班', '前端开发高级技术', 3, '16120801113', '何子衡', '2019-04-17', 1, 29),
(224, '203', 'Wed', '1', '4', '16电子商务特色班', '前端开发高级技术', 3, '16120801035', '王洋', '2019-04-17', 1, 29),
(225, '105', 'Thur', '3', '4', '17电子商务特色班', 'html5与css3', 8, '17120801004', '刘子培', '2019-05-02', 1, 0),
(226, '203', 'Mon', '1', '2', '18电子商务特色班', '前端开发高级技术', 9, '18630801002', '冉雄飞', '2019-04-29', 1, 0),
(227, '203', 'Mon', '1', '2', '18电子商务特色班', '前端开发高级技术', 9, '18630801006', '彭昊东', '2019-04-29', 2, 29),
(228, '203', 'Mon', '1', '2', '18电子商务特色班', '前端开发高级技术', 9, '18630801021', '薛斯文', '2019-04-29', 2, 29),
(229, '203', 'Mon', '1', '2', '18电子商务特色班', '前端开发高级技术', 9, '18630801018', '郭佳月', '2019-04-29', 4, 29),
(230, '203', 'Mon', '1', '2', '18电子商务特色班', '前端开发高级技术', 9, '18630801030', '郭东宇', '2019-04-29', 3, 29),
(231, '203', 'Mon', '1', '2', '18电子商务特色班', '前端开发高级技术', 9, '18630801040', '董志辉', '2019-04-29', 1, 29),
(232, '203', 'Mon', '1', '2', '18电子商务特色班', '前端开发高级技术', 9, '18630801045', '王永燕', '2019-04-29', 1, 29),
(233, '203', 'Mon', '1', '2', '18电子商务特色班', '前端开发高级技术', 9, '18630801046', '范冰冰', '2019-04-29', 1, 29),
(234, '203', 'Mon', '1', '2', '18电子商务特色班', '前端开发高级技术', 9, '18630801050', '潘浩哲', '2019-04-29', 1, 29),
(235, '203', 'Mon', '1', '2', '18电子商务特色班', '前端开发高级技术', 9, '18630801044', '崔随凤', '2019-04-29', 1, 29),
(236, '203', 'Mon', '1', '2', '18电子商务特色班', '前端开发高级技术', 9, '18630801034', '陈晨', '2019-04-29', 2, 29),
(237, '203', 'Mon', '1', '2', '18电子商务特色班', '前端开发高级技术', 9, '18630801027', '王雪梅', '2019-04-29', 2, 29),
(238, '203', 'Mon', '1', '2', '18电子商务特色班', '前端开发高级技术', 9, '18630801020', '任丽颖', '2019-04-29', 4, 29),
(239, '203', 'Mon', '1', '2', '18电子商务特色班', '前端开发高级技术', 9, '18630801016', '段钰琪', '2019-04-29', 4, 29),
(240, '203', 'Mon', '1', '2', '18电子商务特色班', '前端开发高级技术', 9, '18630801014', '高瑞星', '2019-04-29', 3, 29),
(241, '203', 'Mon', '1', '2', '18电子商务特色班', '前端开发高级技术', 9, '18630801013', '李月', '2019-04-29', 3, 29),
(242, '203', 'Mon', '1', '2', '18电子商务特色班', '前端开发高级技术', 9, '18630801136', '刘建瑞', '2019-04-29', 1, 29),
(243, '203', 'Mon', '1', '2', '18电子商务特色班', '前端开发高级技术', 9, '18630801139', '张皓璇', '2019-04-29', 2, 29),
(244, '203', 'Mon', '1', '2', '18电子商务特色班', '前端开发高级技术', 9, '18630801060', '王世康', '2019-04-29', 2, 29),
(245, '203', 'Mon', '1', '2', '18电子商务特色班', '前端开发高级技术', 9, '18630801005', '安连萃', '2019-04-29', 4, 29),
(246, '203', 'Mon', '1', '2', '18电子商务特色班', '前端开发高级技术', 9, '18630801053', '杨云明', '2019-04-29', 1, 29),
(247, '203', 'Mon', '1', '2', '18电子商务特色班', '前端开发高级技术', 9, '18630801058', '卜庆浩', '2019-04-29', 2, 29),
(248, '203', 'Mon', '1', '2', '18电子商务特色班', '前端开发高级技术', 9, '18630801066', '张灿', '2019-04-29', 3, 29),
(249, '206', 'Mon', '6', '7', '16软件工程特色班', 'html5与css3', 2, '16080902027', '张傲男', '2019-04-29', 1, 0),
(250, '206', 'Mon', '6', '7', '16软件工程特色班', 'html5与css3', 2, '16080902031', '宋军伟', '2019-04-29', 4, 29),
(251, '206', 'Mon', '6', '7', '16软件工程特色班', 'html5与css3', 2, '16080902035', '高伟萌', '2019-04-29', 3, 29),
(252, '206', 'Mon', '6', '7', '16软件工程特色班', 'html5与css3', 2, '16080902038', '刘玉龙', '2019-04-29', 1, 29),
(253, '206', 'Mon', '6', '7', '16软件工程特色班', 'html5与css3', 2, '16080902039', '张磊', '2019-04-29', 1, 29),
(254, '206', 'Mon', '6', '7', '16软件工程特色班', 'html5与css3', 2, '16080902052', '闫亮', '2019-04-29', 1, 29),
(255, '206', 'Mon', '6', '7', '16软件工程特色班', 'html5与css3', 2, '16080902068', '白森芃', '2019-04-29', 1, 29),
(256, '206', 'Mon', '6', '7', '16软件工程特色班', 'html5与css3', 2, '16080902071', '李世奇', '2019-04-29', 1, 0),
(257, '206', 'Mon', '6', '7', '16软件工程特色班', 'html5与css3', 2, '16080902073', '谢茹悦', '2019-04-29', 4, 29),
(258, '206', 'Mon', '6', '7', '16软件工程特色班', 'html5与css3', 2, '16080902079', '王禹嘉', '2019-04-29', 1, 29),
(259, '206', 'Mon', '6', '7', '16软件工程特色班', 'html5与css3', 2, '16080902093', '李泽宇', '2019-04-29', 3, 29),
(260, '206', 'Mon', '6', '7', '16软件工程特色班', 'html5与css3', 2, '16080902115', '杨志伟', '2019-04-29', 2, 29),
(261, '206', 'Mon', '6', '7', '16软件工程特色班', 'html5与css3', 2, '16080902131', '刘梦悦', '2019-04-29', 1, 29),
(262, '105', 'Fri', '1', '5', '18电子商务特色班', 'html5与css3', 9, '18630801002', '冉雄飞', '2019-04-26', 1, 0),
(263, '105', 'Fri', '1', '5', '18电子商务特色班', 'html5与css3', 9, '18630801005', '安连萃', '2019-04-26', 2, 29),
(264, '105', 'Fri', '1', '5', '18电子商务特色班', 'html5与css3', 9, '18630801013', '李月', '2019-04-26', 1, 29),
(265, '105', 'Fri', '1', '5', '18电子商务特色班', 'html5与css3', 9, '18630801006', '彭昊东', '2019-04-26', 1, 29),
(266, '105', 'Fri', '1', '5', '18电子商务特色班', 'html5与css3', 9, '18630801016', '段钰琪', '2019-04-26', 1, 29),
(267, '105', 'Fri', '1', '5', '18电子商务特色班', 'html5与css3', 9, '18630801014', '高瑞星', '2019-04-26', 1, 29),
(268, '105', 'Fri', '1', '5', '18电子商务特色班', 'html5与css3', 9, '18630801018', '郭佳月', '2019-04-26', 3, 29),
(269, '105', 'Fri', '1', '5', '18电子商务特色班', 'html5与css3', 9, '18630801020', '任丽颖', '2019-04-26', 3, 29),
(270, '105', 'Fri', '1', '5', '18电子商务特色班', 'html5与css3', 9, '18630801045', '王永燕', '2019-04-26', 4, 29),
(271, '105', 'Fri', '1', '5', '18电子商务特色班', 'html5与css3', 9, '18630801030', '郭东宇', '2019-04-26', 4, 29),
(272, '105', 'Fri', '1', '5', '18电子商务特色班', 'html5与css3', 9, '18630801021', '薛斯文', '2019-04-26', 4, 29),
(273, '105', 'Fri', '1', '5', '18电子商务特色班', 'html5与css3', 9, '18630801040', '董志辉', '2019-04-26', 1, 29),
(274, '105', 'Fri', '1', '5', '18电子商务特色班', 'html5与css3', 9, '18630801046', '范冰冰', '2019-04-26', 1, 29),
(275, '105', 'Fri', '1', '5', '18电子商务特色班', 'html5与css3', 9, '18630801027', '王雪梅', '2019-04-26', 1, 29),
(276, '105', 'Fri', '1', '5', '18电子商务特色班', 'html5与css3', 9, '18630801103', '刘依婷', '2019-04-26', 1, 29),
(277, '105', 'Fri', '1', '5', '18电子商务特色班', 'html5与css3', 9, '18630801050', '潘浩哲', '2019-04-26', 1, 29);

-- --------------------------------------------------------

--
-- 表的结构 `tp_students`
--

CREATE TABLE IF NOT EXISTS `tp_students` (
  `sid` int(11) NOT NULL AUTO_INCREMENT,
  `code` varchar(11) DEFAULT NULL,
  `password` varchar(11) NOT NULL,
  `name` varchar(25) DEFAULT NULL,
  `cid` int(100) NOT NULL,
  `status` int(1) NOT NULL DEFAULT '0' COMMENT '学生签到状态，默认为0',
  PRIMARY KEY (`sid`)
) ENGINE=MyISAM  DEFAULT CHARSET=utf8 AUTO_INCREMENT=288 ;

--
-- 转存表中的数据 `tp_students`
--

INSERT INTO `tp_students` (`sid`, `code`, `password`, `name`, `cid`, `status`) VALUES
(1, '16080902027', '16080902027', '张傲男', 2, 0),
(2, '16080902031', '16080902031', '宋军伟', 2, 0),
(3, '16080902035', '16080902035', '高伟萌', 2, 0),
(4, '16080902038', '16080902038', '刘玉龙', 2, 0),
(5, '16080902039', '16080902039', '张磊', 2, 0),
(6, '16080902052', '16080902052', '闫亮', 2, 0),
(7, '16080902068', '16080902068', '白森芃', 2, 0),
(8, '16080902071', '16080902071', '李世奇', 2, 0),
(9, '16080902073', '16080902073', '谢茹悦', 2, 0),
(10, '16080902079', '16080902079', '王禹嘉', 2, 0),
(11, '16080902093', '16080902093', '李泽宇', 2, 0),
(12, '16080902115', '16080902115', '杨志伟', 2, 0),
(13, '16080902131', '16080902131', '刘梦悦', 2, 0),
(14, '16120801001', '16120801001', '刘星琳', 3, 0),
(15, '16120801003', '16120801003', '张新宇', 3, 0),
(16, '16120801006', '16120801006', '解丽欣', 3, 0),
(17, '16120801007', '16120801007', '董纬亚', 3, 0),
(18, '16120801008', '16120801008', '孟婷婷', 3, 0),
(19, '16120801009', '16120801009', '杨雪娴', 3, 0),
(20, '16120801010', '16120801010', '张梦昭', 3, 0),
(21, '16120801011', '16120801011', '张雪', 3, 0),
(22, '16120801012', '16120801012', '王子婷', 3, 0),
(23, '16120801018', '16120801018', '果凡勇', 3, 0),
(24, '16120801019', '16120801019', '王江侠', 3, 0),
(25, '16120801020', '16120801020', '张可欣', 3, 0),
(26, '16120801021', '16120801021', '李娜娜', 3, 0),
(27, '16120801025', '16120801025', '李明慧', 3, 0),
(28, '16120801026', '16120801026', '岳嘉男', 3, 0),
(29, '16120801032', '16120801032', '邓浩文', 3, 0),
(30, '16120801033', '16120801033', '刘雨心', 3, 0),
(31, '16120801034', '16120801034', '赵茜', 3, 0),
(32, '16120801035', '16120801035', '王洋', 3, 0),
(33, '16120801042', '16120801042', '王汉彬', 3, 0),
(34, '16120801046', '16120801046', '赵天琪', 3, 0),
(35, '16120801050', '16120801050', '刘一帆', 3, 0),
(36, '16120801052', '16120801052', '何孙旺', 3, 0),
(37, '16120801054', '16120801054', '任岭鑫', 3, 0),
(38, '16120801056', '16120801056', '武国和', 3, 0),
(39, '16120801060', '16120801060', '王佳兴', 3, 0),
(40, '16120801061', '16120801061', '高照', 3, 0),
(41, '16120801063', '16120801063', '燕梦涵', 3, 0),
(42, '16120801064', '16120801064', '李佳朋', 3, 0),
(43, '16120801065', '16120801065', '马德路', 3, 0),
(44, '16120801067', '16120801067', '高毓莲', 3, 0),
(45, '16120801068', '16120801068', '葛云龙', 3, 0),
(46, '16120801070', '16120801070', '闫美名', 3, 0),
(47, '16120801073', '16120801073', '暴紫微', 3, 0),
(48, '16120801078', '16120801078', '杨振省', 3, 0),
(49, '16120801080', '16120801080', '张玉虎', 3, 0),
(50, '16120801081', '16120801081', '毛博宇', 3, 0),
(51, '16120801091', '16120801091', '肖楠楠', 3, 0),
(52, '16120801094', '16120801094', '陈辰', 3, 0),
(53, '16120801095', '16120801095', '伊丽娜', 3, 0),
(54, '16120801096', '16120801096', '赵江', 3, 0),
(55, '16120801103', '16120801103', '王晓玉', 3, 0),
(56, '16120801109', '16120801109', '孟金秋', 3, 0),
(57, '16120801113', '16120801113', '何子衡', 3, 0),
(58, '17630801035', '17630801035', '贾佳旺', 4, 0),
(59, '17630801104', '17630801104', '李宇哲', 4, 0),
(60, '17630801121', '17630801121', '乔春瑞', 4, 0),
(61, '17630801050', '17630801050', '汪春燕', 4, 0),
(62, '17630801037', '17630801037', '王思琪', 4, 0),
(63, '17630801059', '17630801059', '王谨', 4, 0),
(64, '17630801085', '17630801085', '丁冰浩', 4, 0),
(65, '17630801079', '17630801079', '王鑫鑫', 4, 0),
(66, '17630801060', '17630801060', '李宗阳', 4, 0),
(67, '17630801156', '17630801156', '宋平', 4, 0),
(68, '17630801155', '17630801155', '刘少华', 4, 0),
(69, '17630801025', '17630801025', '李萌', 4, 0),
(70, '17630801083', '17630801083', '范雅倩', 4, 0),
(71, '17630801031', '17630801031', '刘荣瑶', 4, 0),
(72, '17630801072', '17630801072', '辛静娟', 4, 0),
(73, '17630801006', '17630801006', '刘昊昀', 4, 0),
(74, '17630801026', '17630801026', '赵朔', 4, 0),
(75, '17610214045', '17610214045', '孟祥沣', 4, 0),
(76, '17610214078', '17610214078', '甄学慧', 4, 0),
(77, '17610214024', '17610214024', '薛蕾', 4, 0),
(78, '17610214088', '17610214088', '闫秋慧', 4, 0),
(79, '17610214081', '17610214081', '梅松达', 4, 0),
(80, '17610214072', '17610214072', '王慧平', 4, 0),
(81, '17610214082', '17610214082', '杨骞', 4, 0),
(82, '17610214065', '17610214065', '赵旭坤', 4, 0),
(83, '17610214055', '17610214055', '赵阳', 4, 0),
(84, '17610214054', '17610214054', '任静谊', 4, 0),
(85, '17610214021', '17610214021', '赵倩楠', 4, 0),
(86, '17610214008', '17610214008', '武晓丽', 4, 0),
(87, '17610214037', '17610214037', '刘迎霞', 4, 0),
(88, '17610214083', '17610214083', '卜宏伟', 4, 0),
(89, '17610214038', '17610214038', '袁禄微', 4, 0),
(90, '17610214007', '17610214007', '马淑玲', 4, 0),
(91, '17610214010', '17610214010', '刘腾月', 4, 0),
(92, '17610214027', '17610214027', '李婉励', 4, 0),
(93, '17610205116', '17610205116', '李艳坤', 5, 0),
(94, '17610205184', '17610205184', '邢炜', 5, 0),
(95, '17610205105', '17610205105', '孔德参', 5, 0),
(96, '17610205117', '17610205117', '齐艳强', 5, 0),
(97, '17610205049', '17610205049', '马轩', 5, 0),
(98, '17610205041', '17610205041', '赵冉', 5, 0),
(99, '17610205099', '17610205099', '张洪彬', 5, 0),
(100, '17610205115', '17610205115', '杨小可', 5, 0),
(101, '17610205071', '17610205071', '张梦阳', 5, 0),
(102, '17610205121', '17610205121', '冯李根', 5, 0),
(103, '17610205109', '17610205109', '张晨涛', 5, 0),
(104, '17610205215', '17610205215', '张希才', 5, 0),
(105, '17610205111', '17610205111', '张鹏飞', 5, 0),
(106, '17610205085', '17610205085', '张赫', 5, 0),
(107, '17610205146', '17610205146', '王鑫', 5, 0),
(108, '17610205145', '17610205145', '冯啸', 5, 0),
(109, '17610205102', '17610205102', '李好振', 5, 0),
(110, '17610205193', '17610205193', '白春力', 5, 0),
(111, '17610205219', '17610205219', '宫飞', 5, 0),
(112, '17610205008', '17610205008', '朱康祺', 5, 0),
(113, '17610205011', '17610205011', '彭帅天', 5, 0),
(114, '17610205047', '17610205047', '孟哲', 5, 0),
(115, '17610205118', '17610205118', '王阳', 5, 0),
(116, '17610205086', '17610205086', '李钿戈', 5, 0),
(117, '17610205031', '17610205031', '张涛涛', 5, 0),
(118, '17610205079', '17610205079', '张沛鑫', 5, 0),
(119, '17610205216', '17610205216', '刘丙泽', 5, 0),
(120, '17610205192', '17610205192', '史永浩', 5, 0),
(121, '17610205072', '17610205072', '李优', 5, 0),
(122, '17610205112', '17610205112', '景瑞波', 5, 0),
(123, '17610205154', '17610205154', '刘福鹏', 5, 0),
(124, '17630701048', '17630701048', '冯帅', 5, 0),
(125, '17610205108', '17610205108', '薛康宁', 5, 0),
(126, '17610205053', '17610205053', '田佳豪', 5, 0),
(127, '17610205158', '17610205158', '刘博雨', 5, 0),
(128, '17610205189', '17610205189', '张海玉', 5, 0),
(129, '17610205123', '17610205123', '滑世仙', 5, 0),
(130, '17610205107', '17610205107', '安仕豪', 5, 0),
(131, '16080902033', '16080902033', '韩泽昆', 6, 0),
(132, '17080902015', '17080902015', '尹泽鹏', 6, 0),
(133, '17080902017', '17080902017', '王士贺', 6, 0),
(134, '17080902024', '17080902024', '秦维昌', 6, 0),
(135, '17080902025', '17080902025', '张钧清', 6, 0),
(136, '17080902026', '17080902026', '范齐', 6, 0),
(137, '17080902027', '17080902027', '高珂铭', 6, 0),
(138, '17080902032', '17080902032', '纪岩翔', 6, 0),
(139, '17080902048', '17080902048', '刘怡彤', 6, 0),
(140, '17080902049', '17080902049', '张圣琦', 6, 0),
(141, '17080902060', '17080902060', '曹佳旭', 6, 0),
(142, '17080902064', '17080902064', '郭朕嘉', 6, 0),
(143, '17080902070', '17080902070', '李耀辉', 6, 0),
(144, '17080902076', '17080902076', '陈帅虎', 6, 0),
(145, '17080902082', '17080902082', '郝建宇', 6, 0),
(146, '17080902087', '17080902087', '刘高尚', 6, 0),
(147, '17080902089', '17080902089', '刘世卓', 6, 0),
(148, '17080902110', '17080902110', '王永佶', 6, 0),
(149, '17080902116', '17080902116', '侯朋成', 6, 0),
(150, '17080902123', '17080902123', '高健', 6, 0),
(151, '17080902124', '17080902124', '黄伟', 6, 0),
(152, '17080902127', '17080902127', '刘苗', 6, 0),
(153, '17080902129', '17080902129', '杨松林', 6, 0),
(154, '17080902132', '17080902132', '孙建果', 6, 0),
(155, '17080902140', '17080902140', '黄雅金', 6, 0),
(156, '17080902149', '17080902149', '侯佳俊', 6, 0),
(157, '17080902152', '17080902152', '刘蕾', 6, 0),
(158, '17080902160', '17080902160', '王斌', 6, 0),
(159, '17080902176', '17080902176', '朱城', 6, 0),
(160, '17080902177', '17080902177', '马思翔', 6, 0),
(161, '17080902178', '17080902178', '井雪松', 6, 0),
(162, '17080902179', '17080902179', '于建鸣', 6, 0),
(163, '17080902181', '17080902181', '石宇', 6, 0),
(164, '17080902189', '17080902189', '户鈺婷', 6, 0),
(165, '17080902203', '17080902203', '杨卓然', 6, 0),
(166, '17080902205', '17080902205', '穆云祥', 6, 0),
(167, '17080902006', '17080902006', '潘登益', 7, 0),
(168, '17080902011', '17080902011', '戚浩洋', 7, 0),
(169, '17080902031', '17080902031', '赵钰', 7, 0),
(170, '17080902035', '17080902035', '贾小翠', 7, 0),
(171, '17080902037', '17080902037', '李航飞', 7, 0),
(172, '17080902042', '17080902042', '杜萌萌', 7, 0),
(173, '17080902044', '17080902044', '徐政泰', 7, 0),
(174, '17080902067', '17080902067', '乔智', 7, 0),
(175, '17080902068', '17080902068', '李圣哲', 7, 0),
(176, '17080902072', '17080902072', '张莉', 7, 0),
(177, '17080902074', '17080902074', '李忠晨', 7, 0),
(178, '17080902088', '17080902088', '张兵', 7, 0),
(179, '17080902094', '17080902094', '尉绍伟', 7, 0),
(180, '17080902102', '17080902102', '魏庆超', 7, 0),
(181, '17080902104', '17080902104', '曾祥朔', 7, 0),
(182, '17080902113', '17080902113', '和文强', 7, 0),
(183, '17080902126', '17080902126', '米杰', 7, 0),
(184, '17080902131', '17080902131', '刘凯', 7, 0),
(185, '17080902133', '17080902133', '王志刚', 7, 0),
(186, '17080902134', '17080902134', '王卫杰', 7, 0),
(187, '17080902135', '17080902135', '席天斌', 7, 0),
(188, '17080902139', '17080902139', '刘洋', 7, 0),
(189, '17080902158', '17080902158', '姜帅', 7, 0),
(190, '17080902161', '17080902161', '商恒宇', 7, 0),
(191, '17080902162', '17080902162', '叶向阳', 7, 0),
(192, '17080902163', '17080902163', '张楠', 7, 0),
(193, '17080902167', '17080902167', '任利佳', 7, 0),
(194, '17080902171', '17080902171', '李啸', 7, 0),
(195, '17080902173', '17080902173', '李思贤', 7, 0),
(196, '17080902184', '17080902184', '黄波', 7, 0),
(197, '17080902187', '17080902187', '刘雄伟', 7, 0),
(198, '17080902192', '17080902192', '张永政', 7, 0),
(199, '17080902197', '17080902197', '李思琪', 7, 0),
(200, '17080902198', '17080902198', '栗健超', 7, 0),
(201, '17080902200', '17080902200', '张玉成', 7, 0),
(202, '17080902204', '17080902204', '高云龙', 7, 0),
(203, '17080902206', '17080902206', '刘川瑞', 7, 0),
(204, '17080902207', '17080902207', '张海亮', 7, 0),
(205, '17120801004', '17120801004', '刘子培', 8, 0),
(206, '17120801005', '17120801005', '路浩博', 8, 0),
(207, '17120801006', '17120801006', '李瑞轩', 8, 0),
(208, '17120801007', '17120801007', '梁家铭', 8, 0),
(209, '17120801011', '17120801011', '张雅洁', 8, 0),
(210, '17120801013', '17120801013', '谷钰莹', 8, 0),
(211, '17120801014', '17120801014', '许红蕾', 8, 0),
(212, '17120801017', '17120801017', '张莉欣', 8, 0),
(213, '17120801019', '17120801019', '石艺彬', 8, 0),
(214, '17120801021', '17120801021', '王永江', 8, 0),
(215, '17120801024', '17120801024', '郭紫薇', 8, 0),
(216, '17120801028', '17120801028', '赵倩', 8, 0),
(217, '17120801030', '17120801030', '薛雨', 8, 0),
(218, '17120801031', '17120801031', '吴亚美', 8, 0),
(219, '17120801032', '17120801032', '杨涛', 8, 0),
(220, '17120801038', '17120801038', '李晓壮', 8, 0),
(221, '17120801039', '17120801039', '张海连', 8, 0),
(222, '17120801040', '17120801040', '王鹏', 8, 0),
(223, '17120801044', '17120801044', '闫峻岭', 8, 0),
(224, '17120801047', '17120801047', '荀磊', 8, 0),
(225, '17120801051', '17120801051', '王文伯', 8, 0),
(226, '17120801053', '17120801053', '张倩倩', 8, 0),
(227, '17120801057', '17120801057', '张凯伦', 8, 0),
(228, '17120801058', '17120801058', '冯雅诗', 8, 0),
(229, '17120801062', '17120801062', '王志宽', 8, 0),
(230, '17120801072', '17120801072', '李亚彤', 8, 0),
(231, '17120801074', '17120801074', '霍利涛', 8, 0),
(232, '17120801077', '17120801077', '王晓雨', 8, 0),
(233, '17120801097', '17120801097', '栾旭', 8, 0),
(234, '17120801121', '17120801121', '戈嫣斐', 8, 0),
(235, '17120801123', '17120801123', '段宇', 8, 0),
(236, '17120801130', '17120801130', '王欣', 8, 0),
(237, '17120801137', '17120801137', '孙金阁', 8, 0),
(238, '17120801145', '17120801145', '王洪伟', 8, 0),
(239, '17120801147', '17120801147', '刘梓娴', 8, 0),
(240, '17120801149', '17120801149', '沈子昂', 8, 0),
(241, '17120801152', '17120801152', '李文新', 8, 0),
(242, '17120801157', '17120801157', '张梦雪', 8, 0),
(243, '17120801160', '17120801160', '樊玉娟', 8, 0),
(244, '17120801167', '17120801167', '吕瑞强', 8, 0),
(245, '17120801169', '17120801169', '门月娇', 8, 0),
(246, '17120801178', '17120801178', '李娇', 8, 0),
(247, '18630801002', '18630801002', '冉雄飞', 9, 0),
(248, '18630801005', '18630801005', '安连萃', 9, 0),
(249, '18630801006', '18630801006', '彭昊东', 9, 0),
(250, '18630801013', '18630801013', '李月', 9, 0),
(251, '18630801014', '18630801014', '高瑞星', 9, 0),
(252, '18630801016', '18630801016', '段钰琪', 9, 0),
(253, '18630801018', '18630801018', '郭佳月', 9, 0),
(254, '18630801020', '18630801020', '任丽颖', 9, 0),
(255, '18630801021', '18630801021', '薛斯文', 9, 0),
(256, '18630801027', '18630801027', '王雪梅', 9, 0),
(257, '18630801030', '18630801030', '郭东宇', 9, 0),
(258, '18630801034', '18630801034', '陈晨', 9, 0),
(259, '18630801040', '18630801040', '董志辉', 9, 0),
(260, '18630801044', '18630801044', '崔随凤', 9, 0),
(261, '18630801045', '18630801045', '王永燕', 9, 0),
(262, '18630801046', '18630801046', '范冰冰', 9, 0),
(263, '18630801050', '18630801050', '潘浩哲', 9, 0),
(264, '18630801053', '18630801053', '杨云明', 9, 0),
(265, '18630801058', '18630801058', '卜庆浩', 9, 0),
(266, '18630801060', '18630801060', '王世康', 9, 0),
(267, '18630801066', '18630801066', '张灿', 9, 0),
(268, '18630801067', '18630801067', '郭家宝', 9, 0),
(269, '18630801075', '18630801075', '王永乐', 9, 0),
(270, '18630801083', '18630801083', '雷文强', 9, 0),
(271, '18630801084', '18630801084', '刘永桥', 9, 0),
(272, '18630801086', '18630801086', '武倩茹', 9, 0),
(273, '18630801091', '18630801091', '陈纪辉', 9, 0),
(274, '18630801093', '18630801093', '胡世杰', 9, 0),
(275, '18630801103', '18630801103', '刘依婷', 9, 0),
(276, '18630801120', '18630801120', '白佳文', 9, 0),
(277, '18630801121', '18630801121', '郝佳宇', 9, 0),
(278, '18630801122', '18630801122', '王旭', 9, 0),
(279, '18630801128', '18630801128', '王晓龙', 9, 0),
(280, '18630801130', '18630801130', '董胜', 9, 0),
(281, '18630801136', '18630801136', '刘建瑞', 9, 0),
(282, '18630801139', '18630801139', '张皓璇', 9, 0),
(283, '18630801145', '18630801145', '马梓硕', 9, 0),
(284, '18630801147', '18630801147', '马鹏勃', 9, 0),
(285, '18630801150', '18630801150', '冀清璐', 9, 0),
(286, '18630801153', '18630801153', '张珊珊', 9, 0),
(287, '18630801154', '18630801154', '李宗康', 9, 0);

-- --------------------------------------------------------

--
-- 表的结构 `tp_subject`
--

CREATE TABLE IF NOT EXISTS `tp_subject` (
  `subid` int(11) NOT NULL AUTO_INCREMENT COMMENT '课程ID',
  `subname` varchar(225) NOT NULL COMMENT '课程名称',
  PRIMARY KEY (`subid`)
) ENGINE=MyISAM  DEFAULT CHARSET=utf8 COMMENT='课表集合' AUTO_INCREMENT=10 ;

--
-- 转存表中的数据 `tp_subject`
--

INSERT INTO `tp_subject` (`subid`, `subname`) VALUES
(1, 'php基础'),
(2, 'php面向对象开发技术'),
(3, 'html5与css3'),
(4, '前端开发高级技术'),
(7, 'Linux运维技术'),
(8, 'Java web开发'),
(9, 'Java程序设计');

/*!40101 SET CHARACTER_SET_CLIENT=@OLD_CHARACTER_SET_CLIENT */;
/*!40101 SET CHARACTER_SET_RESULTS=@OLD_CHARACTER_SET_RESULTS */;
/*!40101 SET COLLATION_CONNECTION=@OLD_COLLATION_CONNECTION */;
